<?xml version="1.0" encoding="UTF-8"?>
<!--
/*
###############################################################################
# If you use PhysiCell in your project, please cite PhysiCell and the version #
# number, such as below:                                                      #
#                                                                             #
# We implemented and solved the model using PhysiCell (Version x.y.z) [1].    #
#                                                                             #
# [1] A Ghaffarizadeh, R Heiland, SH Friedman, SM Mumenthaler, and P Macklin, #
#     PhysiCell: an Open Source Physics-Based Cell Simulator for Multicellu-  #
#     lar Systems, PLoS Comput. Biol. 14(2): e1005991, 2018                   #
#     DOI: 10.1371/journal.pcbi.1005991                                       #
#                                                                             #
# See VERSION.txt or call get_PhysiCell_version() to get the current version  #
#     x.y.z. Call display_citations() to get detailed information on all cite-#
#     able software used in your PhysiCell application.                       #
#                                                                             #
# Because PhysiCell extensively uses BioFVM, we suggest you also cite BioFVM  #
#     as below:                                                               #
#                                                                             #
# We implemented and solved the model using PhysiCell (Version x.y.z) [1],    #
# with BioFVM [2] to solve the transport equations.                           #
#                                                                             #
# [1] A Ghaffarizadeh, R Heiland, SH Friedman, SM Mumenthaler, and P Macklin, #
#     PhysiCell: an Open Source Physics-Based Cell Simulator for Multicellu-  #
#     lar Systems, PLoS Comput. Biol. 14(2): e1005991, 2018                   #
#     DOI: 10.1371/journal.pcbi.1005991                                       #
#                                                                             #
# [2] A Ghaffarizadeh, SH Friedman, and P Macklin, BioFVM: an efficient para- #
#     llelized diffusive transport solver for 3-D biological simulations,     #
#     Bioinformatics 32(8): 1256-8, 2016. DOI: 10.1093/bioinformatics/btv730  #
#                                                                             #
###############################################################################
#                                                                             #
# BSD 3-Clause License (see https://opensource.org/licenses/BSD-3-Clause)     #
#                                                                             #
# Copyright (c) 2015-2018, Paul Macklin and the PhysiCell Project             #
# All rights reserved.                                                        #
#                                                                             #
# Redistribution and use in source and binary forms, with or without          #
# modification, are permitted provided that the following conditions are met: #
#                                                                             #
# 1. Redistributions of source code must retain the above copyright notice,   #
# this list of conditions and the following disclaimer.                       #
#                                                                             #
# 2. Redistributions in binary form must reproduce the above copyright        #
# notice, this list of conditions and the following disclaimer in the         #
# documentation and/or other materials provided with the distribution.        #
#                                                                             #
# 3. Neither the name of the copyright holder nor the names of its            #
# contributors may be used to endorse or promote products derived from this   #
# software without specific prior written permission.                         #
#                                                                             #
# THIS SOFTWARE IS PROVIDED BY THE COPYRIGHT HOLDERS AND CONTRIBUTORS "AS IS" #
# AND ANY EXPRESS OR IMPLIED WARRANTIES, INCLUDING, BUT NOT LIMITED TO, THE   #
# IMPLIED WARRANTIES OF MERCHANTABILITY AND FITNESS FOR A PARTICULAR PURPOSE  #
# ARE DISCLAIMED. IN NO EVENT SHALL THE COPYRIGHT HOLDER OR CONTRIBUTORS BE   #
# LIABLE FOR ANY DIRECT, INDIRECT, INCIDENTAL, SPECIAL, EXEMPLARY, OR         #
# CONSEQUENTIAL DAMAGES (INCLUDING, BUT NOT LIMITED TO, PROCUREMENT OF        #
# SUBSTITUTE GOODS OR SERVICES; LOSS OF USE, DATA, OR PROFITS; OR BUSINESS    #
# INTERRUPTION) HOWEVER CAUSED AND ON ANY THEORY OF LIABILITY, WHETHER IN     #
# CONTRACT, STRICT LIABILITY, OR TORT (INCLUDING NEGLIGENCE OR OTHERWISE)     #
# ARISING IN ANY WAY OUT OF THE USE OF THIS SOFTWARE, EVEN IF ADVISED OF THE  #
# POSSIBILITY OF SUCH DAMAGE.                                                 #
#                                                                             #
###############################################################################
*/
--> 

<!--
<user_details />
-->

<PhysiCell_settings version="devel-version">
	<domain>
		<x_min>-500</x_min>
		<x_max>500</x_max>
		<y_min>-500</y_min>
		<y_max>500</y_max>
		<z_min>-10</z_min>
		<z_max>10</z_max>
		<dx>20</dx>
		<dy>20</dy>
		<dz>20</dz>
		<use_2D>true</use_2D>
	</domain>
	
	<overall>
		<max_time units="min">7200</max_time> <!-- 5 days * 24 h * 60 min -->
		<time_units>min</time_units>
		<space_units>micron</space_units>
	</overall>
	
	<parallel>
		<omp_num_threads>8</omp_num_threads>
	</parallel> 
	
	<save>
		<folder>.</folder> <!-- use . for root --> 

		<full_data>
			<interval units="min">60</interval>
			<enable>true</enable>
		</full_data>
		
		<SVG>
			<interval units="min">30</interval>
			<enable>true</enable>
		</SVG>
		
		<legacy_data>
			<enable>false</enable>
		</legacy_data>
	</save>
	
	<user_parameters>
		<random_seed type="int" units="dimensionless" hidden="true">0</random_seed> 
		
		<!-- substrate parameters --> 
		<resource_D type="double" units="micron^2/min" description="resource diffusion coefficient">100000</resource_D>
		<resource_lambda type="double" units="1/min" description="resource decay rate">0.1</resource_lambda>
		
		<quorum_D type="double" units="micron^2/min" description="quorum diffusion coefficient">100000</quorum_D>
		<quorum_lambda type="double" units="1/min" description="quorum decay rate">10</quorum_lambda>
		
		<death_signal_D type="double" units="micron^2/min" description="death signal diffusion coefficient">40000</death_signal_D>
		<death_signal_lambda type="double" units="1/min" description="death signal decay rate">1</death_signal_lambda>

		<signal_D type="double" units="micron^2/min" description="attack signal diffusion coefficient">25000</signal_D>
		<signal_lambda type="double" units="1/min" description="attack signal decay rate">.1</signal_lambda>

		<poison_D type="double" units="micron^2/min" description="poison diffusion coefficient">50000</poison_D>
		<poison_lambda type="double" units="1/min" description="poison decay rate">20</poison_lambda>
		
		<!-- setup --> 
		<number_of_invaders type="int" units="none" description="number of randomly placed invaders">15</number_of_invaders>
		<number_of_suppliers type="int" units="none" description="number of randomly placed suppliers">50</number_of_suppliers>
		<number_of_scouts type="int" units="none" description="number of randomly placed scouts">10</number_of_scouts>
		<number_of_attackers type="int" units="none" description="number of randomly placed attackers">50</number_of_attackers>
		
		<!-- invader properties -->
		<invader_max_birth_rate type ="double" units="1/min" description="max birth rate for invaders">0.0028</invader_max_birth_rate> 
		<invader_max_death_rate type ="double" units="1/min" description="max death rate for invaders">0.001</invader_max_death_rate> 

		<invader_persistence_time type="double" units="min" description="persistence time for invader migration">15</invader_persistence_time>
		<invader_migration_speed type="double" units="micron/min" description="speed of invader cells">0.25</invader_migration_speed> 
		<invader_migration_bias type="double" units="dimensionless" description="invader migration bias">0.5</invader_migration_bias> 

		<invader_secretion_rate type="double" units="1/min" description="rate invaders secrete their signals">100</invader_secretion_rate>
		<invader_quorum_weight type="double" units="dimensionless" description="motile direction = w*grad(Q) - (1-w)*grad(D)">.1</invader_quorum_weight>
		
		<!-- scout properties --> 
		<scout_persistence_time type="double" units="min" description="persistence time for scout migration">15</scout_persistence_time>
		<scout_migration_speed type="double" units="micron/min" description="speed of scout cells">.5</scout_migration_speed> 
		<scout_migration_bias type="double" units="dimensionless" description="scout migration bias">0.125</scout_migration_bias> 

		<scout_secretion_rate type="double" units="1/min" description="rate scouts secrete their signals">100</scout_secretion_rate>
		<scout_signal_threshold type="double" units="dimensionless" description="scouts release S if Q > threshold">0.1</scout_signal_threshold>
		
		<!-- attacker properties --> 
		<attacker_max_birth_rate type ="double" units="1/min" description="max birth rate for attackers">0.0005</attacker_max_birth_rate> 
		<attacker_max_death_rate type ="double" units="1/min" description="max death rate for attackers">0.0001</attacker_max_death_rate> 

		<attacker_persistence_time type="double" units="min" description="persistence time for attacker migration">15</attacker_persistence_time>
		<attacker_migration_speed type="double" units="micron/min" description="speed of attacker cells">1</attacker_migration_speed> 
		<attacker_migration_bias type="double" units="dimensionless" description="attacker migration bias">0.25</attacker_migration_bias> 

		<attacker_secretion_rate type="double" units="1/min" description="rate attackers secrete their signals">100</attacker_secretion_rate>		
		<attacker_signal_threshold type="double" units="dimensionless" description="attackers release P if S > threshold">0.1</attacker_signal_threshold>
		
		<!-- supplier parameters --> 
		<supplier_secretion_rate type="double" units="1/min" description="rate suppliers release resource">100</supplier_secretion_rate>
		
	</user_parameters>
	
	
</PhysiCell_settings>
